{
  "version": 1,
  "author": "Anonymous maker",
  "editor": "wokwi",
  "parts": [
    { "type": "wokwi-pi-pico", "id": "pico", "top": 0, "left": 0, "attrs": {} },
    {
      "type": "wokwi-led",
      "id": "led1",
      "top": -2.67,
      "left": -65.33,
      "attrs": { "color": "red" }
    },
    {
      "type": "wokwi-led",
      "id": "led2",
      "top": -3.6,
      "left": -111.4,
      "attrs": { "color": "limegreen" }
    }
  ],
  "connections": [
    [ "pico:GP5", "led1:A", "green", [ "h0" ] ],
    [ "pico:GND.2", "led1:C", "black", [ "h0" ] ],
    [ "led2:C", "pico:GND.2", "black", [ "v0" ] ],
    [ "led2:A", "pico:GP6", "green", [ "v0" ] ]
  ],
  "dependencies": {}
}